BEGIN TRANSACTION;
CREATE TABLE "auth_group" ("id" integer NOT NULL PRIMARY KEY AUTOINCREMENT, "name" varchar(150) NOT NULL UNIQUE);
CREATE TABLE "auth_group_permissions" ("id" integer NOT NULL PRIMARY KEY AUTOINCREMENT, "group_id" integer NOT NULL REFERENCES "auth_group" ("id") DEFERRABLE INITIALLY DEFERRED, "permission_id" integer NOT NULL REFERENCES "auth_permission" ("id") DEFERRABLE INITIALLY DEFERRED);
CREATE TABLE "auth_permission" ("id" integer NOT NULL PRIMARY KEY AUTOINCREMENT, "content_type_id" integer NOT NULL REFERENCES "django_content_type" ("id") DEFERRABLE INITIALLY DEFERRED, "codename" varchar(100) NOT NULL, "name" varchar(255) NOT NULL);
INSERT INTO "auth_permission" VALUES(1,1,'add_logentry','Can add log entry');
INSERT INTO "auth_permission" VALUES(2,1,'change_logentry','Can change log entry');
INSERT INTO "auth_permission" VALUES(3,1,'delete_logentry','Can delete log entry');
INSERT INTO "auth_permission" VALUES(4,1,'view_logentry','Can view log entry');
INSERT INTO "auth_permission" VALUES(5,2,'add_permission','Can add permission');
INSERT INTO "auth_permission" VALUES(6,2,'change_permission','Can change permission');
INSERT INTO "auth_permission" VALUES(7,2,'delete_permission','Can delete permission');
INSERT INTO "auth_permission" VALUES(8,2,'view_permission','Can view permission');
INSERT INTO "auth_permission" VALUES(9,3,'add_group','Can add group');
INSERT INTO "auth_permission" VALUES(10,3,'change_group','Can change group');
INSERT INTO "auth_permission" VALUES(11,3,'delete_group','Can delete group');
INSERT INTO "auth_permission" VALUES(12,3,'view_group','Can view group');
INSERT INTO "auth_permission" VALUES(13,4,'add_contenttype','Can add content type');
INSERT INTO "auth_permission" VALUES(14,4,'change_contenttype','Can change content type');
INSERT INTO "auth_permission" VALUES(15,4,'delete_contenttype','Can delete content type');
INSERT INTO "auth_permission" VALUES(16,4,'view_contenttype','Can view content type');
INSERT INTO "auth_permission" VALUES(17,5,'add_session','Can add session');
INSERT INTO "auth_permission" VALUES(18,5,'change_session','Can change session');
INSERT INTO "auth_permission" VALUES(19,5,'delete_session','Can delete session');
INSERT INTO "auth_permission" VALUES(20,5,'view_session','Can view session');
INSERT INTO "auth_permission" VALUES(21,6,'add_event','Can add event');
INSERT INTO "auth_permission" VALUES(22,6,'change_event','Can change event');
INSERT INTO "auth_permission" VALUES(23,6,'delete_event','Can delete event');
INSERT INTO "auth_permission" VALUES(24,6,'view_event','Can view event');
INSERT INTO "auth_permission" VALUES(25,7,'add_venue','Can add venue');
INSERT INTO "auth_permission" VALUES(26,7,'change_venue','Can change venue');
INSERT INTO "auth_permission" VALUES(27,7,'delete_venue','Can delete venue');
INSERT INTO "auth_permission" VALUES(28,7,'view_venue','Can view venue');
INSERT INTO "auth_permission" VALUES(29,8,'add_user','Can add user');
INSERT INTO "auth_permission" VALUES(30,8,'change_user','Can change user');
INSERT INTO "auth_permission" VALUES(31,8,'delete_user','Can delete user');
INSERT INTO "auth_permission" VALUES(32,8,'view_user','Can view user');
INSERT INTO "auth_permission" VALUES(33,9,'add_eventseating','Can add event seating');
INSERT INTO "auth_permission" VALUES(34,9,'change_eventseating','Can change event seating');
INSERT INTO "auth_permission" VALUES(35,9,'delete_eventseating','Can delete event seating');
INSERT INTO "auth_permission" VALUES(36,9,'view_eventseating','Can view event seating');
INSERT INTO "auth_permission" VALUES(37,10,'add_certificate','Can add certificate');
INSERT INTO "auth_permission" VALUES(38,10,'change_certificate','Can change certificate');
INSERT INTO "auth_permission" VALUES(39,10,'delete_certificate','Can delete certificate');
INSERT INTO "auth_permission" VALUES(40,10,'view_certificate','Can view certificate');
INSERT INTO "auth_permission" VALUES(41,11,'add_calendarsync','Can add calendar sync');
INSERT INTO "auth_permission" VALUES(42,11,'change_calendarsync','Can change calendar sync');
INSERT INTO "auth_permission" VALUES(43,11,'delete_calendarsync','Can delete calendar sync');
INSERT INTO "auth_permission" VALUES(44,11,'view_calendarsync','Can view calendar sync');
INSERT INTO "auth_permission" VALUES(45,12,'add_eventsharelog','Can add event share log');
INSERT INTO "auth_permission" VALUES(46,12,'change_eventsharelog','Can change event share log');
INSERT INTO "auth_permission" VALUES(47,12,'delete_eventsharelog','Can delete event share log');
INSERT INTO "auth_permission" VALUES(48,12,'view_eventsharelog','Can view event share log');
INSERT INTO "auth_permission" VALUES(49,13,'add_feedback','Can add feedback');
INSERT INTO "auth_permission" VALUES(50,13,'change_feedback','Can change feedback');
INSERT INTO "auth_permission" VALUES(51,13,'delete_feedback','Can delete feedback');
INSERT INTO "auth_permission" VALUES(52,13,'view_feedback','Can view feedback');
INSERT INTO "auth_permission" VALUES(53,14,'add_mediagallery','Can add media gallery');
INSERT INTO "auth_permission" VALUES(54,14,'change_mediagallery','Can change media gallery');
INSERT INTO "auth_permission" VALUES(55,14,'delete_mediagallery','Can delete media gallery');
INSERT INTO "auth_permission" VALUES(56,14,'view_mediagallery','Can view media gallery');
INSERT INTO "auth_permission" VALUES(57,15,'add_attendance','Can add attendance');
INSERT INTO "auth_permission" VALUES(58,15,'change_attendance','Can change attendance');
INSERT INTO "auth_permission" VALUES(59,15,'delete_attendance','Can delete attendance');
INSERT INTO "auth_permission" VALUES(60,15,'view_attendance','Can view attendance');
INSERT INTO "auth_permission" VALUES(61,16,'add_eventwaitlist','Can add event waitlist');
INSERT INTO "auth_permission" VALUES(62,16,'change_eventwaitlist','Can change event waitlist');
INSERT INTO "auth_permission" VALUES(63,16,'delete_eventwaitlist','Can delete event waitlist');
INSERT INTO "auth_permission" VALUES(64,16,'view_eventwaitlist','Can view event waitlist');
INSERT INTO "auth_permission" VALUES(65,17,'add_registration','Can add registration');
INSERT INTO "auth_permission" VALUES(66,17,'change_registration','Can change registration');
INSERT INTO "auth_permission" VALUES(67,17,'delete_registration','Can delete registration');
INSERT INTO "auth_permission" VALUES(68,17,'view_registration','Can view registration');
INSERT INTO "auth_permission" VALUES(69,18,'add_contactmessage','Can add Contact Message');
INSERT INTO "auth_permission" VALUES(70,18,'change_contactmessage','Can change Contact Message');
INSERT INTO "auth_permission" VALUES(71,18,'delete_contactmessage','Can delete Contact Message');
INSERT INTO "auth_permission" VALUES(72,18,'view_contactmessage','Can view Contact Message');
CREATE TABLE "django_admin_log" ("id" integer NOT NULL PRIMARY KEY AUTOINCREMENT, "object_id" text NULL, "object_repr" varchar(200) NOT NULL, "action_flag" smallint unsigned NOT NULL CHECK ("action_flag" >= 0), "change_message" text NOT NULL, "content_type_id" integer NULL REFERENCES "django_content_type" ("id") DEFERRABLE INITIALLY DEFERRED, "user_id" bigint NOT NULL REFERENCES "eventApi_user" ("id") DEFERRABLE INITIALLY DEFERRED, "action_time" datetime NOT NULL);
INSERT INTO "django_admin_log" VALUES(1,'1','badman@gmail.com (admin)',2,'[{"changed": {"fields": ["Role"]}}]',8,1,'2025-09-27 20:48:41.786872');
INSERT INTO "django_admin_log" VALUES(2,'1','LIAM EVENT CENTER',1,'[{"added": {}}]',7,1,'2025-09-28 05:58:11.715825');
INSERT INTO "django_admin_log" VALUES(3,'2','ADOLACK EVENT CENTER',1,'[{"added": {}}]',7,1,'2025-09-28 05:59:55.353653');
INSERT INTO "django_admin_log" VALUES(4,'3','WHITE PLAN EVENT HALL',1,'[{"added": {}}]',7,1,'2025-09-28 06:01:12.954622');
INSERT INTO "django_admin_log" VALUES(5,'1','badman@gmail.com (admin)',2,'[]',8,1,'2025-09-29 22:19:58.168714');
INSERT INTO "django_admin_log" VALUES(6,'4','ayeni@gmail.com (organizer)',2,'[{"changed": {"fields": ["Staff status"]}}]',8,1,'2025-09-30 11:17:35.016783');
INSERT INTO "django_admin_log" VALUES(7,'1','image for BIRTYDAY PARTY',2,'[{"changed": {"fields": ["File", "Uploaded by"]}}]',14,1,'2025-10-04 13:16:27.830356');
INSERT INTO "django_admin_log" VALUES(8,'2','image for WEDDING PARTY',1,'[{"added": {}}]',14,1,'2025-10-04 13:29:51.758470');
INSERT INTO "django_admin_log" VALUES(9,'2','image for WEDDING PARTY',2,'[]',14,1,'2025-10-06 15:00:51.782435');
INSERT INTO "django_admin_log" VALUES(10,'3','video for WEDDING PARTY',1,'[{"added": {}}]',14,1,'2025-10-06 15:01:54.511787');
INSERT INTO "django_admin_log" VALUES(11,'1','video for BIRTYDAY PARTY',2,'[]',14,1,'2025-10-06 15:08:06.212555');
INSERT INTO "django_admin_log" VALUES(12,'4','image for BIRTYDAY PARTY',1,'[{"added": {}}]',14,1,'2025-10-06 15:08:56.266378');
INSERT INTO "django_admin_log" VALUES(13,'4','FRESHER DAY (2025-10-08)',2,'[{"changed": {"fields": ["Category", "Max participants", "Organizer"]}}]',6,6,'2026-01-07 06:46:46.508405');
INSERT INTO "django_admin_log" VALUES(14,'3','NAMING CERIMONY (2025-11-08)',2,'[{"changed": {"fields": ["Category", "Max participants", "Organizer"]}}]',6,6,'2026-01-07 06:47:46.018613');
INSERT INTO "django_admin_log" VALUES(15,'2','WEDDING PARTY (2025-10-30)',2,'[{"changed": {"fields": ["Category", "Max participants", "Organizer"]}}]',6,6,'2026-01-07 06:49:02.121401');
INSERT INTO "django_admin_log" VALUES(16,'1','BIRTYDAY PARTY (2025-09-30)',2,'[{"changed": {"fields": ["Category", "Max participants", "Organizer"]}}]',6,6,'2026-01-07 06:50:20.528255');
INSERT INTO "django_admin_log" VALUES(17,'7','walepython@gmail.com (admin)',2,'[{"changed": {"fields": ["Role"]}}]',8,7,'2026-02-05 13:45:22.681255');
INSERT INTO "django_admin_log" VALUES(18,'5','Aptech Promotion Day (2026-02-05)',1,'[{"added": {}}]',6,7,'2026-02-05 15:43:47.371729');
INSERT INTO "django_admin_log" VALUES(19,'7','walepython@gmail.com (admin)',2,'[{"changed": {"fields": ["First name", "Last name"]}}]',8,7,'2026-02-05 22:08:17.103852');
INSERT INTO "django_admin_log" VALUES(20,'4','FRESHER DAY (2026-01-08)',2,'[{"changed": {"fields": ["Date"]}}]',6,7,'2026-02-15 22:03:27.538150');
INSERT INTO "django_admin_log" VALUES(21,'4','FRESHER DAY (2026-01-08)',2,'[{"changed": {"fields": ["Status"]}}]',6,7,'2026-02-15 22:11:08.783250');
INSERT INTO "django_admin_log" VALUES(22,'3','NAMING CERIMONY (2025-11-08)',2,'[{"changed": {"fields": ["Status"]}}]',6,7,'2026-02-15 22:11:19.452468');
INSERT INTO "django_admin_log" VALUES(23,'2','WEDDING PARTY (2025-10-30)',2,'[{"changed": {"fields": ["Status"]}}]',6,7,'2026-02-15 22:11:30.105450');
INSERT INTO "django_admin_log" VALUES(24,'1','BIRTYDAY PARTY (2025-09-30)',2,'[{"changed": {"fields": ["Status"]}}]',6,7,'2026-02-15 22:12:22.864590');
CREATE TABLE "django_content_type" ("id" integer NOT NULL PRIMARY KEY AUTOINCREMENT, "app_label" varchar(100) NOT NULL, "model" varchar(100) NOT NULL);
INSERT INTO "django_content_type" VALUES(1,'admin','logentry');
INSERT INTO "django_content_type" VALUES(2,'auth','permission');
INSERT INTO "django_content_type" VALUES(3,'auth','group');
INSERT INTO "django_content_type" VALUES(4,'contenttypes','contenttype');
INSERT INTO "django_content_type" VALUES(5,'sessions','session');
INSERT INTO "django_content_type" VALUES(6,'eventApi','event');
INSERT INTO "django_content_type" VALUES(7,'eventApi','venue');
INSERT INTO "django_content_type" VALUES(8,'eventApi','user');
INSERT INTO "django_content_type" VALUES(9,'eventApi','eventseating');
INSERT INTO "django_content_type" VALUES(10,'eventApi','certificate');
INSERT INTO "django_content_type" VALUES(11,'eventApi','calendarsync');
INSERT INTO "django_content_type" VALUES(12,'eventApi','eventsharelog');
INSERT INTO "django_content_type" VALUES(13,'eventApi','feedback');
INSERT INTO "django_content_type" VALUES(14,'eventApi','mediagallery');
INSERT INTO "django_content_type" VALUES(15,'eventApi','attendance');
INSERT INTO "django_content_type" VALUES(16,'eventApi','eventwaitlist');
INSERT INTO "django_content_type" VALUES(17,'eventApi','registration');
INSERT INTO "django_content_type" VALUES(18,'eventApi','contactmessage');
CREATE TABLE "django_migrations" ("id" integer NOT NULL PRIMARY KEY AUTOINCREMENT, "app" varchar(255) NOT NULL, "name" varchar(255) NOT NULL, "applied" datetime NOT NULL);
INSERT INTO "django_migrations" VALUES(1,'contenttypes','0001_initial','2025-09-27 20:44:32.409282');
INSERT INTO "django_migrations" VALUES(2,'contenttypes','0002_remove_content_type_name','2025-09-27 20:44:32.471396');
INSERT INTO "django_migrations" VALUES(3,'auth','0001_initial','2025-09-27 20:44:32.557535');
INSERT INTO "django_migrations" VALUES(4,'auth','0002_alter_permission_name_max_length','2025-09-27 20:44:32.600548');
INSERT INTO "django_migrations" VALUES(5,'auth','0003_alter_user_email_max_length','2025-09-27 20:44:32.629540');
INSERT INTO "django_migrations" VALUES(6,'auth','0004_alter_user_username_opts','2025-09-27 20:44:32.670801');
INSERT INTO "django_migrations" VALUES(7,'auth','0005_alter_user_last_login_null','2025-09-27 20:44:32.716290');
INSERT INTO "django_migrations" VALUES(8,'auth','0006_require_contenttypes_0002','2025-09-27 20:44:32.778672');
INSERT INTO "django_migrations" VALUES(9,'auth','0007_alter_validators_add_error_messages','2025-09-27 20:44:32.914805');
INSERT INTO "django_migrations" VALUES(10,'auth','0008_alter_user_username_max_length','2025-09-27 20:44:33.033737');
INSERT INTO "django_migrations" VALUES(11,'auth','0009_alter_user_last_name_max_length','2025-09-27 20:44:33.088969');
INSERT INTO "django_migrations" VALUES(12,'auth','0010_alter_group_name_max_length','2025-09-27 20:44:33.136776');
INSERT INTO "django_migrations" VALUES(13,'auth','0011_update_proxy_permissions','2025-09-27 20:44:33.167097');
INSERT INTO "django_migrations" VALUES(14,'auth','0012_alter_user_first_name_max_length','2025-09-27 20:44:33.215801');
INSERT INTO "django_migrations" VALUES(15,'eventApi','0001_initial','2025-09-27 20:44:33.662257');
INSERT INTO "django_migrations" VALUES(16,'admin','0001_initial','2025-09-27 20:44:33.778214');
INSERT INTO "django_migrations" VALUES(17,'admin','0002_logentry_remove_auto_add','2025-09-27 20:44:33.895890');
INSERT INTO "django_migrations" VALUES(18,'admin','0003_logentry_add_action_flag_choices','2025-09-27 20:44:34.100965');
INSERT INTO "django_migrations" VALUES(19,'sessions','0001_initial','2025-09-27 20:44:34.212741');
INSERT INTO "django_migrations" VALUES(20,'eventApi','0002_alter_registration_unique_together','2025-09-29 06:27:49.705752');
INSERT INTO "django_migrations" VALUES(21,'eventApi','0003_remove_mediagallery_file_url_mediagallery_file','2025-10-02 07:01:26.210690');
INSERT INTO "django_migrations" VALUES(22,'eventApi','0004_event_category_event_created_at_and_more','2026-01-07 06:37:37.336377');
INSERT INTO "django_migrations" VALUES(23,'eventApi','0005_registration_created_at_registration_qr_code','2026-01-09 19:25:33.227512');
INSERT INTO "django_migrations" VALUES(24,'eventApi','0002_alter_registration_public_id','2026-02-04 09:45:22.906662');
INSERT INTO "django_migrations" VALUES(25,'eventApi','0003_alter_registration_public_id','2026-02-04 10:13:23.890438');
INSERT INTO "django_migrations" VALUES(26,'eventApi','0004_alter_registration_public_id','2026-02-04 10:17:04.340491');
INSERT INTO "django_migrations" VALUES(27,'eventApi','0005_registration_checked_in_at_and_more','2026-02-06 21:48:57.361297');
INSERT INTO "django_migrations" VALUES(28,'eventApi','0006_contactmessage','2026-02-18 11:01:13.034679');
CREATE TABLE "django_session" ("session_key" varchar(40) NOT NULL PRIMARY KEY, "session_data" text NOT NULL, "expire_date" datetime NOT NULL);
INSERT INTO "django_session" VALUES('0wcg4mhoyoab6d4lntjg4nybrpebyeh6','.eJxVjEsOwjAMBe-SNYrsNo1Tluw5Q-TYCSmgVupnhbg7VOoCtm9m3stE3tYatyXPcVBzNmhOv1tieeRxB3rn8TZZmcZ1HpLdFXvQxV4nzc_L4f4dVF7qt87aZCT1BIF8Kj1A1woXxSQE7JwHAGQShyrUI5UupC64Bjk0otKa9wfc4TeP:1v2yRZ:I2Yx5UKCNh5yvZ_6HSvYn6lDNv5zZuUQmiAuesgv5sI','2025-10-12 20:56:29.541095');
INSERT INTO "django_session" VALUES('02fce0y9ncznckhpa5trrz3ujwboj0qp','.eJxVjEsOwjAMBe-SNYrsNo1Tluw5Q-TYCSmgVupnhbg7VOoCtm9m3stE3tYatyXPcVBzNmhOv1tieeRxB3rn8TZZmcZ1HpLdFXvQxV4nzc_L4f4dVF7qt87aZCT1BIF8Kj1A1woXxSQE7JwHAGQShyrUI5UupC64Bjk0otKa9wfc4TeP:1v3M3P:CGnOYyZBn2eb_2x2Pev6xiqo2SwD60gM5NezCCHVpNI','2025-10-13 22:09:07.354587');
INSERT INTO "django_session" VALUES('wi92pq3njpuqdzcv0p21ydzomr8byory','.eJxVjEsOwjAMBe-SNYrsNo1Tluw5Q-TYCSmgVupnhbg7VOoCtm9m3stE3tYatyXPcVBzNmhOv1tieeRxB3rn8TZZmcZ1HpLdFXvQxV4nzc_L4f4dVF7qt87aZCT1BIF8Kj1A1woXxSQE7JwHAGQShyrUI5UupC64Bjk0otKa9wfc4TeP:1v525W:xyfpPGZ6ngOH7Nfk6wqATQIA0UdJAzJ7V4sF6hzPimU','2025-10-18 13:14:14.378052');
INSERT INTO "django_session" VALUES('kez2bpza6ppanv6g4u55s5j5aw925v98','.eJxVjEsOwjAMBe-SNYrsNo1Tluw5Q-TYCSmgVupnhbg7VOoCtm9m3stE3tYatyXPcVBzNmhOv1tieeRxB3rn8TZZmcZ1HpLdFXvQxV4nzc_L4f4dVF7qt87aZCT1BIF8Kj1A1woXxSQE7JwHAGQShyrUI5UupC64Bjk0otKa9wfc4TeP:1v5mgV:4DYyFGtkWhugRJk6ruSNqCey-bgYtTK5VsOqXtoiVD8','2025-10-20 14:59:31.711305');
INSERT INTO "django_session" VALUES('4ui1woit2x1x88oo294n9aw69sm2dvif','.eJxVjEsOwjAMBe-SNYrsNo1Tluw5Q-TYCSmgVupnhbg7VOoCtm9m3stE3tYatyXPcVBzNmhOv1tieeRxB3rn8TZZmcZ1HpLdFXvQxV4nzc_L4f4dVF7qt87aZCT1BIF8Kj1A1woXxSQE7JwHAGQShyrUI5UupC64Bjk0otKa9wfc4TeP:1v5se4:MJ8T9pOqAR2FNliVos_Do1Xjn9c7MLkAF09m4mvK7-8','2025-10-20 21:21:24.575132');
INSERT INTO "django_session" VALUES('wcjzipsr4d8t8v7gxvv2cgr25ofjtfk4','.eJxVjMsOwiAQRf-FtSEtTHm4dO83EGYYpGogKe3K-O_apAvd3nPOfYkQt7WErfMS5iTOwojT74aRHlx3kO6x3pqkVtdlRrkr8qBdXlvi5-Vw_w5K7OVbIyjKmZVOhNMAhjRozaMCA8mTHVGxZgtuMOij0pZMJuec8hmBIk3i_QHrHDgI:1vdNFJ:iAIsviSC7a0A3KPF_YlyjxdI1LzX5gMZsDPI1U3Abeg','2026-01-21 06:42:17.076522');
INSERT INTO "django_session" VALUES('ide7pmdtqmlil34f5cpw0djf1hddbicz','.eJxVjMsOwiAQRf-FtSEtTHm4dO83EGYYpGogKe3K-O_apAvd3nPOfYkQt7WErfMS5iTOwojT74aRHlx3kO6x3pqkVtdlRrkr8qBdXlvi5-Vw_w5K7OVbIyjKmZVOhNMAhjRozaMCA8mTHVGxZgtuMOij0pZMJuec8hmBIk3i_QHrHDgI:1vdb7r:h9ffsxU7Hy3ZNr61zbcjfzeWH2xXeW5EHtnNy7vQENU','2026-01-21 21:31:31.961886');
INSERT INTO "django_session" VALUES('hnl0ij6rwrngi3zm1jtzred7bmcf74al','.eJxVjDsOwjAQBe_iGlnZjb-U9JzBWmdtHEC2FCcV4u4QKQW0b2beSwTa1hK2npYwszgLK06_W6TpkeoO-E711uTU6rrMUe6KPGiX18bpeTncv4NCvXzraL3N5AgQlNd5QJMhklYmuaRHRADwFkbMCvzA3pGBaAE5KmIGZcX7A8GVNtw:1vnL4t:Gh-lcUmCiDJ9ifl1dJIECki64Yo6lgoe4kLNAWZ-Lws','2026-02-17 18:24:43.445256');
INSERT INTO "django_session" VALUES('ryvl0mm2373omlzy6olgnmm6w78tdt3r','.eJxVjDsOwjAQBe_iGlnZjb-U9JzBWmdtHEC2FCcV4u4QKQW0b2beSwTa1hK2npYwszgLK06_W6TpkeoO-E711uTU6rrMUe6KPGiX18bpeTncv4NCvXzraL3N5AgQlNd5QJMhklYmuaRHRADwFkbMCvzA3pGBaAE5KmIGZcX7A8GVNtw:1vo7VW:GUtBci6ifCJXZJUzOPciE8WLaD4qZjcGfkezKVKYwPU','2026-02-19 22:07:26.988925');
INSERT INTO "django_session" VALUES('qeub8h8mu47q3vk2g95uj0i2zj6j3zg4','.eJxVjDsOwjAQBe_iGlnZjb-U9JzBWmdtHEC2FCcV4u4QKQW0b2beSwTa1hK2npYwszgLK06_W6TpkeoO-E711uTU6rrMUe6KPGiX18bpeTncv4NCvXzraL3N5AgQlNd5QJMhklYmuaRHRADwFkbMCvzA3pGBaAE5KmIGZcX7A8GVNtw:1vr0wl:wm1q8EL40LallJlHVzvnZkSoh38yBAfJGb-Qy_h6Zr8','2026-02-27 21:43:31.235153');
INSERT INTO "django_session" VALUES('smkfkb2ay1uq8qlg03ximytmp7nxnyeo','.eJxVjDsOwjAQBe_iGlnZjb-U9JzBWmdtHEC2FCcV4u4QKQW0b2beSwTa1hK2npYwszgLK06_W6TpkeoO-E711uTU6rrMUe6KPGiX18bpeTncv4NCvXzraL3N5AgQlNd5QJMhklYmuaRHRADwFkbMCvzA3pGBaAE5KmIGZcX7A8GVNtw:1vsfQP:RAKurWeRmtuGOPHXPivJ0ZtKkTVF1ye6ryaa9yknO5E','2026-03-04 11:08:57.823317');
CREATE TABLE "eventApi_attendance" ("attendance_id" integer NOT NULL PRIMARY KEY AUTOINCREMENT, "attended" bool NOT NULL, "marked_on" datetime NOT NULL, "student_id" bigint NOT NULL REFERENCES "eventApi_user" ("id") DEFERRABLE INITIALLY DEFERRED, "event_id" bigint NOT NULL REFERENCES "eventApi_event" ("id") DEFERRABLE INITIALLY DEFERRED);
CREATE TABLE "eventApi_calendarsync" ("sync_id" integer NOT NULL PRIMARY KEY AUTOINCREMENT, "calendar_type" varchar(50) NOT NULL, "sync_timestamp" datetime NOT NULL, "calendar_url" varchar(255) NULL, "student_id" bigint NOT NULL REFERENCES "eventApi_user" ("id") DEFERRABLE INITIALLY DEFERRED, "event_id" bigint NOT NULL REFERENCES "eventApi_event" ("id") DEFERRABLE INITIALLY DEFERRED);
CREATE TABLE "eventApi_certificate" ("certificate_id" integer NOT NULL PRIMARY KEY AUTOINCREMENT, "certificate_url" varchar(255) NOT NULL, "issued_on" datetime NOT NULL, "student_id" bigint NOT NULL REFERENCES "eventApi_user" ("id") DEFERRABLE INITIALLY DEFERRED, "event_id" bigint NOT NULL REFERENCES "eventApi_event" ("id") DEFERRABLE INITIALLY DEFERRED);
CREATE TABLE "eventApi_contactmessage" ("id" integer NOT NULL PRIMARY KEY AUTOINCREMENT, "first_name" varchar(100) NOT NULL, "last_name" varchar(100) NOT NULL, "email" varchar(254) NOT NULL, "phone" varchar(20) NULL, "subject" varchar(20) NOT NULL, "message" text NOT NULL, "subscribe" bool NOT NULL, "status" varchar(20) NOT NULL, "ip_address" char(39) NULL, "user_agent" text NULL, "created_at" datetime NOT NULL, "updated_at" datetime NOT NULL, "admin_notes" text NULL, "replied_at" datetime NULL, "replied_by_id" bigint NULL REFERENCES "eventApi_user" ("id") DEFERRABLE INITIALLY DEFERRED);
INSERT INTO "eventApi_contactmessage" VALUES(1,'ONIDARE','OLUWAFEMI','onidareadewaleoluwafemi69@gmail.com','08138303357','event','how can i be an organizer on this app',1,'new','127.0.0.1','Mozilla/5.0 (Windows NT 10.0; Win64; x64) AppleWebKit/537.36 (KHTML, like Gecko) Chrome/144.0.0.0 Safari/537.36','2026-02-18 11:08:15.218212','2026-02-18 11:08:15.218297',NULL,NULL,NULL);
CREATE TABLE "eventApi_event" ("id" integer NOT NULL PRIMARY KEY AUTOINCREMENT, "title" varchar(150) NULL, "description" text NULL, "status" varchar(20) NOT NULL, "date" date NOT NULL, "start_time" time NOT NULL, "end_time" time NOT NULL, "image" varchar(100) NULL, "gate_fees" integer NULL, "gate_fees2" integer NULL, "organizer_id" bigint NOT NULL REFERENCES "eventApi_user" ("id") DEFERRABLE INITIALLY DEFERRED, "venue_id" bigint NULL REFERENCES "eventApi_venue" ("id") DEFERRABLE INITIALLY DEFERRED, "category" varchar(50) NULL, "created_at" datetime NULL, "max_participants" integer unsigned NOT NULL CHECK ("max_participants" >= 0));
INSERT INTO "eventApi_event" VALUES(1,'BIRTYDAY PARTY','am so glad to welcome you all to my birthday ceremony','published','2025-09-30','11:07:00','16:03:00','event_images/naming-image_65sG9AL.jpg',2000,5000,4,1,'environment events','2026-01-07 06:37:37.295801',280);
INSERT INTO "eventApi_event" VALUES(2,'WEDDING PARTY','two people can not work except they  agree','published','2025-10-30','11:07:00','16:03:00','event_images/image-test2_RlqzILA.jpg',2000,5000,3,3,'environment events','2026-01-07 06:37:37.295801',1200);
INSERT INTO "eventApi_event" VALUES(3,'NAMING CERIMONY','you all invited to mr &mrs ajagbe naming ceremony','published','2025-11-08','14:07:00','16:03:00','event_images/naming-image2.jpg',1000,5000,4,2,'environment events','2026-01-07 06:37:37.295801',490);
INSERT INTO "eventApi_event" VALUES(4,'FRESHER DAY','we create this to welcome our new fresher to compose','published','2026-01-08','01:12:00','20:12:00','event_images/farfromhomeMovie.jpg',3500,6000,3,2,'school events','2026-01-07 06:37:37.295801',530);
INSERT INTO "eventApi_event" VALUES(5,'Aptech Promotion Day','this program is to help the qualify student with a scholarship to study abroad','published','2026-02-05','09:00:00','12:00:00','event_images/image_test.jpg',1500,4000,3,3,'tech meet','2026-02-05 15:43:47.362706',50);
INSERT INTO "eventApi_event" VALUES(6,'Ojude-Oba','king anniversary','cancelled','2026-04-03','09:00:00','10:00:00','event_images/image-test3_DAoe7Dp.jpg',4000,7000,4,3,'social','2026-02-14 17:40:24.208985',34000);
INSERT INTO "eventApi_event" VALUES(7,'Ojude-Oba','king anniversary','pending','2026-04-03','09:00:00','10:00:00','event_images/image-test3_vnl3DVn.jpg',4000,7000,4,3,'social','2026-02-14 17:46:04.389907',34000);
INSERT INTO "eventApi_event" VALUES(8,'Ladys Night','let party girls','published','2026-03-05','06:00:00','12:00:00','event_images/image-test4_yrWHw5V.jpg',3500,8500,4,2,'social','2026-02-14 19:35:57.435046',3000);
CREATE TABLE "eventApi_eventseating" ("event_id" bigint NOT NULL PRIMARY KEY REFERENCES "eventApi_event" ("id") DEFERRABLE INITIALLY DEFERRED, "venue_name" varchar(200) NULL, "total_seats" integer unsigned NOT NULL CHECK ("total_seats" >= 0), "seats_booked" integer unsigned NOT NULL CHECK ("seats_booked" >= 0), "waitlist_enabled" bool NOT NULL);
CREATE TABLE "eventApi_eventsharelog" ("share_id" integer NOT NULL PRIMARY KEY AUTOINCREMENT, "platform" varchar(50) NULL, "share_timestamp" datetime NOT NULL, "share_message" text NULL, "event_id" bigint NOT NULL REFERENCES "eventApi_event" ("id") DEFERRABLE INITIALLY DEFERRED, "student_id" bigint NULL REFERENCES "eventApi_user" ("id") DEFERRABLE INITIALLY DEFERRED);
CREATE TABLE "eventApi_eventwaitlist" ("waitlist_id" integer NOT NULL PRIMARY KEY AUTOINCREMENT, "waitlist_time" datetime NOT NULL, "status" varchar(20) NOT NULL, "event_id" bigint NOT NULL REFERENCES "eventApi_event" ("id") DEFERRABLE INITIALLY DEFERRED, "student_id" bigint NOT NULL REFERENCES "eventApi_user" ("id") DEFERRABLE INITIALLY DEFERRED);
CREATE TABLE "eventApi_feedback" ("feedback_id" integer NOT NULL PRIMARY KEY AUTOINCREMENT, "rating" smallint unsigned NOT NULL CHECK ("rating" >= 0), "comments" text NULL, "submitted_on" datetime NOT NULL, "event_id" bigint NOT NULL REFERENCES "eventApi_event" ("id") DEFERRABLE INITIALLY DEFERRED, "student_id" bigint NOT NULL REFERENCES "eventApi_user" ("id") DEFERRABLE INITIALLY DEFERRED);
INSERT INTO "eventApi_feedback" VALUES(1,3,'shdjfhjfk','2026-02-02 21:18:53.501056',1,3);
INSERT INTO "eventApi_feedback" VALUES(2,1,'ghfgh','2026-02-02 22:07:53.212876',4,3);
INSERT INTO "eventApi_feedback" VALUES(3,4,'foklum,m','2026-02-02 22:10:20.099828',3,3);
CREATE TABLE "eventApi_mediagallery" ("media_id" integer NOT NULL PRIMARY KEY AUTOINCREMENT, "file_type" varchar(10) NOT NULL, "caption" varchar(150) NULL, "uploaded_on" datetime NOT NULL, "event_id" bigint NOT NULL REFERENCES "eventApi_event" ("id") DEFERRABLE INITIALLY DEFERRED, "uploaded_by_id" bigint NULL REFERENCES "eventApi_user" ("id") DEFERRABLE INITIALLY DEFERRED, "file" varchar(100) NULL);
INSERT INTO "eventApi_mediagallery" VALUES(1,'video','birthday party','2025-10-04 12:59:41.664029',1,1,'gallery/background_vedio.mp4');
INSERT INTO "eventApi_mediagallery" VALUES(2,'image','what God has join together','2025-10-04 13:29:51.751055',2,1,'gallery/image-test2.jpg');
INSERT INTO "eventApi_mediagallery" VALUES(3,'video','wedding dance','2025-10-06 15:01:54.509565',2,1,'gallery/istockvideo.mp4');
INSERT INTO "eventApi_mediagallery" VALUES(4,'image','birthday dance','2025-10-06 15:08:56.263065',1,1,'gallery/naming-image_X7NPs7z.jpg');
CREATE TABLE "eventApi_registration" ("registration_id" integer NOT NULL PRIMARY KEY AUTOINCREMENT, "registered_on" datetime NOT NULL, "status" varchar(20) NOT NULL, "ticket_type" varchar(10) NOT NULL, "price" integer NULL, "seat_number" varchar(10) NULL, "qr_code" varchar(100) NULL, "is_used" bool NOT NULL, "created_at" datetime NULL, "event_id" bigint NOT NULL REFERENCES "eventApi_event" ("id") DEFERRABLE INITIALLY DEFERRED, "student_id" bigint NOT NULL REFERENCES "eventApi_user" ("id") DEFERRABLE INITIALLY DEFERRED, "public_id" char(32) NOT NULL UNIQUE, "checked_in_at" datetime NULL, "checked_in_by_id" bigint NULL REFERENCES "eventApi_user" ("id") DEFERRABLE INITIALLY DEFERRED);
INSERT INTO "eventApi_registration" VALUES(2,'2025-10-08 06:04:47.269271','confirmed','regular',NULL,'seat_number',NULL,'is_used','2026-01-09 19:25:33.181053',2,1,'0b79e461-50ca-411b-8f39-e3c92d3bf81b',NULL,NULL);
INSERT INTO "eventApi_registration" VALUES(3,'2025-10-08 06:17:41.625582','confirmed','regular',NULL,'seat_number',NULL,'is_used','2026-01-09 19:25:33.181053',1,4,'15b6f511-0b5c-46bd-9f20-1f68d7c19cbf',NULL,NULL);
INSERT INTO "eventApi_registration" VALUES(4,'2025-10-08 06:18:37.978973','confirmed','regular',NULL,'seat_number',NULL,'is_used','2026-01-09 19:25:33.181053',4,4,'008318a3-76cf-40a6-953f-7e9eb80fbae0',NULL,NULL);
INSERT INTO "eventApi_registration" VALUES(5,'2025-10-08 06:24:45.949112','confirmed','regular',NULL,'seat_number',NULL,'is_used','2026-01-09 19:25:33.181053',3,4,'55e7a246-c8a3-4a4c-a07d-542a5840a145',NULL,NULL);
INSERT INTO "eventApi_registration" VALUES(45,'2026-02-05 13:33:30.939273','confirmed','regular',2000,'A2','qr_codes/qr_45.png',1,'2026-02-05 13:33:30.939421',1,3,'5d6109dcb46b46c7ac4c199bcc9dcb1e','2026-02-06 22:52:48.841462',NULL);
INSERT INTO "eventApi_registration" VALUES(49,'2026-02-05 15:11:31.393463','confirmed','vip',6000,'A3','qr_codes/qr_49.png',1,'2026-02-05 15:11:31.393614',4,3,'503d13f0c6174667809cf65f0d54a8a0','2026-02-06 23:49:51.961123',7);
INSERT INTO "eventApi_registration" VALUES(51,'2026-02-05 15:47:55.316388','confirmed','vip',4000,'A1','qr_codes/qr_51.png',1,'2026-02-05 15:47:55.316473',5,3,'09944485bb7f488b9eae489011aa8091','2026-02-06 23:52:45.034895',7);
INSERT INTO "eventApi_registration" VALUES(54,'2026-02-07 20:00:36.294120','confirmed','regular',1000,'A3','qr_codes/qr_54.png',0,'2026-02-07 20:00:36.296001',3,3,'33fda41602a340779a80657eaff15308',NULL,NULL);
INSERT INTO "eventApi_registration" VALUES(55,'2026-02-07 20:01:34.980325','confirmed','regular',1500,'A2','qr_codes/qr_55.png',0,'2026-02-07 20:01:34.980523',5,4,'c6cb2866ab45441cb13f86e9edc0dca9',NULL,NULL);
INSERT INTO "eventApi_registration" VALUES(57,'2026-02-15 22:44:40.789481','confirmed','regular',1000,'A3','qr_codes/qr_57.png',0,'2026-02-15 22:44:40.789619',3,7,'e7c036d7658240eab198684d177e5c47',NULL,NULL);
INSERT INTO "eventApi_registration" VALUES(58,'2026-02-15 22:45:29.755523','confirmed','regular',1500,'A3','qr_codes/qr_58.png',0,'2026-02-15 22:45:29.755587',5,7,'c5c995f2ddb14b1aae743118b19d9349',NULL,NULL);
CREATE TABLE "eventApi_user" ("id" integer NOT NULL PRIMARY KEY AUTOINCREMENT, "password" varchar(128) NOT NULL, "last_login" datetime NULL, "is_superuser" bool NOT NULL, "username" varchar(150) NOT NULL UNIQUE, "first_name" varchar(150) NOT NULL, "last_name" varchar(150) NOT NULL, "email" varchar(254) NOT NULL, "is_staff" bool NOT NULL, "is_active" bool NOT NULL, "date_joined" datetime NOT NULL, "role" varchar(20) NOT NULL, "mobile" varchar(15) NULL, "department" varchar(100) NULL, "matric_no" varchar(50) NULL UNIQUE);
INSERT INTO "eventApi_user" VALUES(1,'pbkdf2_sha256$1000000$obxRUL0dNzCHoLzvzm6vOO$C6ixXydZZr1UZ91hgN6p8UNItF5fjfTt0zJ4EDxSZ8I=','2025-10-06 21:21:24.554150',1,'badman3','','','badman@gmail.com',1,1,'2025-09-27 20:47:10','admin',NULL,NULL,NULL);
INSERT INTO "eventApi_user" VALUES(2,'pbkdf2_sha256$1000000$8Kf9xDuh2cts5CwcKICz7R$eDZSCY6nTuXSpahO5yctw7nt1SfcbTt5KUPlDOaUdjM=',NULL,0,'badman1','adewale','femi','walepython@gmail.com',0,1,'2025-09-29 13:45:25.508282','participant',NULL,NULL,NULL);
INSERT INTO "eventApi_user" VALUES(3,'pbkdf2_sha256$1000000$uKI0SgOxpdJFoybjfrXUsS$boyXYSNepKjudMmiBlDi9rcgyFQa/1xUSNj8XHw/LR4=',NULL,0,'badman','adewale','femi','femi@gmail.com',0,1,'2025-09-29 21:23:42.528120','organizer','08138303357','maths','');
INSERT INTO "eventApi_user" VALUES(4,'pbkdf2_sha256$1000000$qYp5txPLs9mMPj0DEn8DtW$EdlmKsvM0Kj/VDWsNpR2uwCQykRj2nHG3QCbooQOrkw=',NULL,0,'waminisce','deji','ayeni','ayeni@gmail.com',1,1,'2025-09-30 11:07:44','organizer','08138303357','art&sos','14/AS/22');
INSERT INTO "eventApi_user" VALUES(5,'pbkdf2_sha256$1000000$o2LhpMdhJM95OCD9mIrwWH$UeX19n3Q+p45nAeOD5QcCAOtoY22UiMQ+xd1haeqzhA=',NULL,0,'ade','','','adewale@gmail.com',0,1,'2025-10-02 19:17:10.838329','participant','','','bs/09/100');
INSERT INTO "eventApi_user" VALUES(6,'pbkdf2_sha256$1000000$l5K0bu339CyT0gVDzmjRso$E5dClI3dHONK0T0LqX1x3dALDvnVlvpWREriypUAN/E=','2026-01-07 21:31:31.941206',1,'badman2','','','walepython@gmail.com',1,1,'2026-01-07 06:41:53.386318','participant',NULL,NULL,NULL);
INSERT INTO "eventApi_user" VALUES(7,'pbkdf2_sha256$1000000$gtqAxAruv4J537OYP1CNew$fwMYe+DIjK6KxjOuLy8K/rSjnUzuJk9bHYJOJpJXs/M=','2026-02-18 11:08:57.794989',1,'badman9','ademide','babajide','walepython@gmail.com',1,1,'2026-02-03 18:23:20','admin',NULL,NULL,NULL);
CREATE TABLE "eventApi_user_groups" ("id" integer NOT NULL PRIMARY KEY AUTOINCREMENT, "user_id" bigint NOT NULL REFERENCES "eventApi_user" ("id") DEFERRABLE INITIALLY DEFERRED, "group_id" integer NOT NULL REFERENCES "auth_group" ("id") DEFERRABLE INITIALLY DEFERRED);
CREATE TABLE "eventApi_user_user_permissions" ("id" integer NOT NULL PRIMARY KEY AUTOINCREMENT, "user_id" bigint NOT NULL REFERENCES "eventApi_user" ("id") DEFERRABLE INITIALLY DEFERRED, "permission_id" integer NOT NULL REFERENCES "auth_permission" ("id") DEFERRABLE INITIALLY DEFERRED);
CREATE TABLE "eventApi_venue" ("id" integer NOT NULL PRIMARY KEY AUTOINCREMENT, "name" varchar(100) NOT NULL UNIQUE, "address" text NOT NULL, "capacity" integer unsigned NULL CHECK ("capacity" >= 0));
INSERT INTO "eventApi_venue" VALUES(1,'LIAM EVENT CENTER','boripe area osogbo',2700);
INSERT INTO "eventApi_venue" VALUES(2,'ADOLACK EVENT CENTER','ogo-oluwa osogbo',3000);
INSERT INTO "eventApi_venue" VALUES(3,'WHITE PLAN EVENT HALL','opposte G.O.F ogo-oluwa area osogbo',3400);
CREATE UNIQUE INDEX "django_content_type_app_label_model_76bd3d3b_uniq" ON "django_content_type" ("app_label", "model");
CREATE UNIQUE INDEX "auth_group_permissions_group_id_permission_id_0cd325b0_uniq" ON "auth_group_permissions" ("group_id", "permission_id");
CREATE INDEX "auth_group_permissions_group_id_b120cbf9" ON "auth_group_permissions" ("group_id");
CREATE INDEX "auth_group_permissions_permission_id_84c5c92e" ON "auth_group_permissions" ("permission_id");
CREATE UNIQUE INDEX "auth_permission_content_type_id_codename_01ab375a_uniq" ON "auth_permission" ("content_type_id", "codename");
CREATE INDEX "auth_permission_content_type_id_2f476e4b" ON "auth_permission" ("content_type_id");
CREATE UNIQUE INDEX "eventApi_user_groups_user_id_group_id_1252cc43_uniq" ON "eventApi_user_groups" ("user_id", "group_id");
CREATE INDEX "eventApi_user_groups_user_id_41d171e8" ON "eventApi_user_groups" ("user_id");
CREATE INDEX "eventApi_user_groups_group_id_d6c910a7" ON "eventApi_user_groups" ("group_id");
CREATE UNIQUE INDEX "eventApi_user_user_permissions_user_id_permission_id_c2d39f8f_uniq" ON "eventApi_user_user_permissions" ("user_id", "permission_id");
CREATE INDEX "eventApi_user_user_permissions_user_id_6bbe3de1" ON "eventApi_user_user_permissions" ("user_id");
CREATE INDEX "eventApi_user_user_permissions_permission_id_7e1b4517" ON "eventApi_user_user_permissions" ("permission_id");
CREATE INDEX "eventApi_certificate_student_id_4fdef7f8" ON "eventApi_certificate" ("student_id");
CREATE INDEX "eventApi_certificate_event_id_a9be7fc0" ON "eventApi_certificate" ("event_id");
CREATE INDEX "eventApi_calendarsync_student_id_53077e4d" ON "eventApi_calendarsync" ("student_id");
CREATE INDEX "eventApi_calendarsync_event_id_3e992153" ON "eventApi_calendarsync" ("event_id");
CREATE INDEX "eventApi_eventsharelog_event_id_ca28be0f" ON "eventApi_eventsharelog" ("event_id");
CREATE INDEX "eventApi_eventsharelog_student_id_f3f2804c" ON "eventApi_eventsharelog" ("student_id");
CREATE INDEX "eventApi_feedback_event_id_397b0619" ON "eventApi_feedback" ("event_id");
CREATE INDEX "eventApi_feedback_student_id_10413ccf" ON "eventApi_feedback" ("student_id");
CREATE INDEX "eventApi_mediagallery_event_id_813ba1a5" ON "eventApi_mediagallery" ("event_id");
CREATE INDEX "eventApi_mediagallery_uploaded_by_id_0bd83fdb" ON "eventApi_mediagallery" ("uploaded_by_id");
CREATE UNIQUE INDEX "eventApi_attendance_event_id_student_id_5b4d0ee5_uniq" ON "eventApi_attendance" ("event_id", "student_id");
CREATE INDEX "eventApi_attendance_student_id_3627cd45" ON "eventApi_attendance" ("student_id");
CREATE INDEX "eventApi_attendance_event_id_4a3e020a" ON "eventApi_attendance" ("event_id");
CREATE UNIQUE INDEX "eventApi_eventwaitlist_student_id_event_id_a42a04a4_uniq" ON "eventApi_eventwaitlist" ("student_id", "event_id");
CREATE INDEX "eventApi_eventwaitlist_event_id_6d5aa8a3" ON "eventApi_eventwaitlist" ("event_id");
CREATE INDEX "eventApi_eventwaitlist_student_id_da769783" ON "eventApi_eventwaitlist" ("student_id");
CREATE INDEX "django_admin_log_content_type_id_c4bce8eb" ON "django_admin_log" ("content_type_id");
CREATE INDEX "django_admin_log_user_id_c564eba6" ON "django_admin_log" ("user_id");
CREATE INDEX "django_session_expire_date_a5c62663" ON "django_session" ("expire_date");
CREATE INDEX "eventApi_event_organizer_id_8544f781" ON "eventApi_event" ("organizer_id");
CREATE INDEX "eventApi_event_venue_id_66736264" ON "eventApi_event" ("venue_id");
CREATE INDEX "eventApi_event_category_5c6c9127" ON "eventApi_event" ("category");
CREATE UNIQUE INDEX "eventApi_registration_event_id_student_id_ticket_type_1140f670_uniq" ON "eventApi_registration" ("event_id", "student_id", "ticket_type");
CREATE INDEX "eventApi_registration_event_id_3a6d384d" ON "eventApi_registration" ("event_id");
CREATE INDEX "eventApi_registration_student_id_50bd4b16" ON "eventApi_registration" ("student_id");
CREATE INDEX "eventApi_registration_checked_in_by_id_0f19c9d5" ON "eventApi_registration" ("checked_in_by_id");
CREATE INDEX "eventApi_contactmessage_replied_by_id_94545602" ON "eventApi_contactmessage" ("replied_by_id");
DELETE FROM "sqlite_sequence";
INSERT INTO "sqlite_sequence" VALUES('django_migrations',28);
INSERT INTO "sqlite_sequence" VALUES('django_content_type',18);
INSERT INTO "sqlite_sequence" VALUES('auth_permission',72);
INSERT INTO "sqlite_sequence" VALUES('auth_group',0);
INSERT INTO "sqlite_sequence" VALUES('django_admin_log',24);
INSERT INTO "sqlite_sequence" VALUES('eventApi_user',7);
INSERT INTO "sqlite_sequence" VALUES('eventApi_venue',3);
INSERT INTO "sqlite_sequence" VALUES('eventApi_mediagallery',4);
INSERT INTO "sqlite_sequence" VALUES('eventApi_event',8);
INSERT INTO "sqlite_sequence" VALUES('eventApi_feedback',3);
INSERT INTO "sqlite_sequence" VALUES('eventApi_registration',58);
INSERT INTO "sqlite_sequence" VALUES('eventApi_contactmessage',1);
COMMIT;
